1,2,3,4,5,6,7,8,9,10,11,12,13,14,15,16,17,18,19
Manufacturer,Device,kVp_kV,Reference_Point_Dose,Reference_Point_Dose_(A)_mGy,Reference_Point_Dose_(B)_mGy,Source_To_Detector_Distance,Source_To_Isocenter_Distance,Table_Longitudinal_Position,Table_Lateral_Position,Table_Height_Position,Primary_Angle_(RF),Secondary_Angle,Collimated_Field_Area,Xray_Filter_Min_Thicknesses,Xray_Filter_Max_Thicknesses,Xray_Filter_Material_Codes,Irradiation_Event_Type,Acquisition_PlaneCode_(RF)
Siemens,AXIOM-Artis,77.0,3.2,3.2,,1198.0,785.0,100.0,5.0,-150.0,-0.1,-1.1,1054.4,0.6,0.6,Copper or Copper compound,Fluoroscopy,Plane A
Siemens,AXIOM-Artis,74.0,1.5,1.5,,1198.0,785.0,110.0,6.0,-150.0,30.0,20.0,1054.4,0.9,0.9,Copper or Copper compound,Fluoroscopy,Plane A
Siemens,AXIOM-Artis,80.0,4.8,,4.8,1198.0,785.0,120.0,7.0,-150.0,-30.0,-20.0,1054.4,0.3,0.3,Copper or Copper compound,Fluoroscopy,Plane B
Siemens,AXIOM-Artis,72.0,2.1,2.1,,1198.0,785.0,120.0,7.0,-150.0,10.0,5.0,1054.4,0.6,0.6,Copper or Copper compound,Fluoroscopy,Plane A
Siemens,AXIOM-Artis,75.0,6.7,,6.7,1198.0,785.0,125.0,8.0,-150.0,-15.0,12.0,1054.4,0.9,0.9,Copper or Copper compound,Fluoroscopy,Plane B
Siemens,AXIOM-Artis,78.0,0.9,,0.9,1198.0,785.0,125.0,8.0,-150.0,-15.0,12.0,1054.4,0.6,0.6,Copper or Copper compound,Fluoroscopy,Plane B
Siemens,AXIOM-Artis,76.0,5.4,5.4,,1198.0,785.0,130.0,9.0,-150.0,22.0,-8.0,1054.4,0.3,0.3,Copper or Copper compound,Fluoroscopy,Plane A
Siemens,AXIOM-Artis,73.0,3.9,,3.9,1198.0,785.0,130.0,9.0,-150.0,-22.0,8.0,1054.4,0.9,0.9,Copper or Copper compound,Fluoroscopy,Plane B
